#Datasets	SRR6877282.unmapped	SRR6877284.unmapped	SRR6877286.unmapped	SRR6877288.unmapped	SRR6877290.unmapped	SRR6877292.unmapped	SRR6877310.unmapped	SRR6877312.unmapped	SRR6877323.unmapped	SRR6877324.unmapped	SRR6877326.unmapped	SRR6877393.unmapped
"Candidatus Gracilibacteria bacterium HOT-871"	717.0	0.0	0.0	0.0	2359.0	0.0	0.0	0.0	0.0	0.0	0.0	0.0
"Endomicrobium proavitum"	0.0	0.0	0.0	0.0	0.0	0.0	0.0	519.0	0.0	0.0	861.0	0.0
"Bacteroides heparinolyticus"	1417.0	7118.0	4812.0	1853.0	0.0	603.0	531.0	2591.0	1502.0	936.0	0.0	3850.0
"Bacteroides pyogenes"	0.0	0.0	0.0	2429.0	551.0	3738.0	444.0	417.0	1069.0	0.0	0.0	0.0
"Bacteroides zoogleoformans"	0.0	2379.0	596.0	0.0	0.0	0.0	0.0	380.0	0.0	0.0	1152.0	0.0
"Phocaeicola abscessus"	1415.0	66476.0	16425.0	12761.0	3414.0	4826.0	3583.0	6685.0	1359.0	983.0	49552.0	17236.0
"Petrimonas mucosa"	0.0	0.0	0.0	908.0	0.0	978.0	0.0	0.0	0.0	0.0	0.0	0.0
"Paludibacter propionicigenes"	0.0	0.0	0.0	0.0	0.0	0.0	0.0	0.0	435.0	0.0	0.0	0.0
"Porphyromonas catoniae"	25667.0	0.0	0.0	0.0	5675.0	0.0	1009.0	1704.0	722.0	16872.0	0.0	0.0
"Porphyromonas gingivalis"	7433.0	14662.0	6311.0	7814.0	2393.0	21039.0	7136.0	9216.0	10846.0	3677.0	5651.0	28703.0
"Porphyromonas gulae"	0.0	0.0	0.0	0.0	0.0	646.0	0.0	0.0	0.0	0.0	0.0	0.0
"Porphyromonas sp. KLE 1280"	4071.0	0.0	466.0	0.0	793.0	0.0	0.0	0.0	1170.0	0.0	0.0	0.0
"Porphyromonas sp. oral taxon 278"	12583.0	0.0	4301.0	0.0	9957.0	0.0	686.0	1007.0	3765.0	1159.0	0.0	547.0
"Alloprevotella tannerae"	0.0	0.0	0.0	458.0	0.0	0.0	0.0	0.0	0.0	0.0	0.0	0.0
"Hallella seregens"	0.0	2317.0	0.0	0.0	0.0	0.0	0.0	0.0	0.0	0.0	0.0	0.0
"Prevotella baroniae"	0.0	2201.0	0.0	0.0	0.0	0.0	0.0	0.0	0.0	0.0	0.0	0.0
"Prevotella buccae"	0.0	6632.0	4687.0	0.0	0.0	0.0	0.0	0.0	0.0	0.0	570.0	0.0
"Prevotella conceptionensis"	3249.0	0.0	1419.0	0.0	1222.0	3764.0	1254.0	743.0	3145.0	591.0	0.0	793.0
"Prevotella dentalis"	0.0	2679.0	0.0	0.0	0.0	0.0	0.0	0.0	0.0	0.0	0.0	0.0
"Prevotella intermedia"	3291.0	1654.0	3477.0	3234.0	1715.0	4754.0	2471.0	1193.0	9452.0	1120.0	391.0	1432.0
"Prevotella loescheii"	51339.0	0.0	4103.0	0.0	16136.0	4163.0	1648.0	3050.0	15259.0	2753.0	494.0	5415.0
"Prevotella maculosa"	850.0	0.0	2123.0	0.0	660.0	1410.0	0.0	0.0	700.0	0.0	0.0	0.0
"Prevotella micans"	0.0	0.0	2024.0	0.0	0.0	0.0	0.0	0.0	0.0	0.0	0.0	0.0
"Prevotella saccharolytica"	9115.0	0.0	3523.0	0.0	5573.0	3931.0	712.0	779.0	3662.0	3002.0	302.0	0.0
"Prevotella shahii"	1373.0	0.0	0.0	0.0	0.0	581.0	0.0	0.0	993.0	0.0	0.0	0.0
"Prevotella sp. HMSC073D09"	3632.0	0.0	1424.0	0.0	1338.0	3782.0	1364.0	744.0	3329.0	693.0	0.0	772.0
"Prevotella sp. oral taxon 317"	4582.0	0.0	2055.0	0.0	2219.0	5390.0	1953.0	1215.0	4886.0	907.0	0.0	1287.0
"Prevotella sp. oral taxon 472"	47695.0	0.0	3739.0	0.0	14607.0	3814.0	1565.0	2928.0	14035.0	2535.0	398.0	5088.0
"Tannerella forsythia"	41628.0	106577.0	64359.0	40200.0	18428.0	149536.0	60325.0	63282.0	140839.0	26421.0	72291.0	128327.0
"Tannerella sp. oral taxon HOT-286"	36480.0	140942.0	93449.0	2339.0	43929.0	16362.0	5362.0	11531.0	42610.0	7875.0	3270.0	1162.0
"Capnocytophaga gingivalis"	14979.0	0.0	2022.0	741.0	28949.0	978.0	2405.0	2055.0	3580.0	35795.0	0.0	3710.0
"Capnocytophaga granulosa"	20283.0	0.0	3661.0	0.0	23268.0	861.0	2366.0	3085.0	7049.0	20378.0	0.0	1548.0
"Capnocytophaga haemolytica"	0.0	0.0	0.0	0.0	13159.0	0.0	0.0	0.0	0.0	0.0	0.0	0.0
"Capnocytophaga leadbetteri"	7737.0	0.0	745.0	0.0	3799.0	983.0	633.0	1735.0	2998.0	3981.0	0.0	1988.0
"Capnocytophaga ochracea"	8945.0	0.0	848.0	0.0	1232.0	4050.0	1887.0	975.0	4371.0	1272.0	0.0	613.0
"Capnocytophaga sputigena"	29778.0	0.0	1273.0	512.0	6190.0	2819.0	4761.0	3892.0	6827.0	21290.0	350.0	4894.0
"Capnocytophaga sp. ChDC OS43"	3723.0	0.0	0.0	0.0	1224.0	0.0	786.0	554.0	1066.0	3123.0	0.0	632.0
"Capnocytophaga sp. oral taxon 323"	1593.0	0.0	0.0	0.0	0.0	676.0	0.0	0.0	714.0	0.0	0.0	0.0
"Capnocytophaga sp. oral taxon 324"	1478.0	0.0	0.0	0.0	0.0	698.0	0.0	0.0	781.0	0.0	0.0	0.0
"Capnocytophaga sp. oral taxon 326"	4184.0	0.0	0.0	0.0	1374.0	656.0	868.0	661.0	1190.0	2922.0	0.0	667.0
"Capnocytophaga sp. oral taxon 329"	3230.0	0.0	0.0	0.0	1441.0	0.0	0.0	724.0	1183.0	1613.0	0.0	896.0
"Capnocytophaga sp. oral taxon 332"	10577.0	0.0	0.0	0.0	1515.0	0.0	483.0	915.0	879.0	7624.0	0.0	0.0
"Capnocytophaga sp. oral taxon 336"	1485.0	0.0	0.0	0.0	0.0	651.0	372.0	0.0	643.0	0.0	0.0	0.0
"Capnocytophaga sp. oral taxon 338"	1756.0	0.0	0.0	0.0	1553.0	0.0	450.0	0.0	812.0	1752.0	0.0	0.0
"Capnocytophaga sp. oral taxon 380"	2311.0	0.0	0.0	0.0	0.0	958.0	454.0	0.0	1190.0	0.0	0.0	0.0
"Capnocytophaga sp. oral taxon 863"	7136.0	0.0	633.0	0.0	4963.0	0.0	546.0	754.0	1640.0	6298.0	0.0	0.0
"Capnocytophaga sp. oral taxon 864"	1544.0	0.0	0.0	0.0	0.0	712.0	0.0	0.0	729.0	0.0	0.0	0.0
"Capnocytophaga sp. oral taxon 878"	21417.0	0.0	0.0	0.0	1341.0	809.0	841.0	927.0	2146.0	1462.0	0.0	0.0
"Bacteroidetes oral taxon 274"	84380.0	35640.0	60063.0	22285.0	62932.0	123827.0	61885.0	33944.0	145463.0	48494.0	10473.0	24542.0
"Chlorobaculum limnaeum"	1859.0	0.0	0.0	0.0	0.0	0.0	0.0	0.0	0.0	596.0	0.0	0.0
"Chlorobaculum parvum"	1454.0	0.0	0.0	0.0	0.0	0.0	0.0	0.0	0.0	0.0	0.0	0.0
"Chlorobaculum tepidum"	1485.0	0.0	0.0	0.0	0.0	0.0	0.0	0.0	0.0	0.0	0.0	0.0
"Chlorobium limicola"	10307.0	0.0	0.0	0.0	0.0	0.0	0.0	0.0	0.0	2694.0	0.0	0.0
"Chlorobium phaeobacteroides"	2153.0	0.0	0.0	0.0	0.0	0.0	0.0	0.0	0.0	659.0	0.0	0.0
"Chlorobium phaeovibrioides"	1191.0	0.0	0.0	0.0	0.0	0.0	0.0	0.0	0.0	0.0	0.0	0.0
"Pelodictyon luteolum"	2214.0	0.0	0.0	0.0	0.0	0.0	0.0	0.0	0.0	647.0	0.0	0.0
"Pelodictyon phaeoclathratiforme"	1610.0	0.0	0.0	0.0	0.0	0.0	0.0	0.0	0.0	0.0	0.0	0.0
"Prosthecochloris sp. GSB1"	1411.0	0.0	0.0	0.0	0.0	0.0	0.0	0.0	0.0	0.0	0.0	0.0
"Prosthecochloris sp. HL-130-GSB"	710.0	0.0	0.0	0.0	0.0	0.0	0.0	0.0	0.0	0.0	0.0	0.0
"Candidatus Kryptobacter tengchongensis"	0.0	0.0	0.0	0.0	901.0	0.0	0.0	0.0	0.0	0.0	502.0	0.0
"Candidatus Kryptonium thompsoni"	2320.0	1058.0	0.0	7641.0	841.0	0.0	0.0	458.0	1023.0	0.0	1949.0	6262.0
"Fusobacterium hwasookii"	17359.0	0.0	503.0	0.0	4895.0	3625.0	0.0	746.0	5766.0	1071.0	0.0	0.0
"Fusobacterium naviforme"	0.0	5888.0	0.0	778.0	0.0	2686.0	0.0	0.0	775.0	0.0	1176.0	0.0
"Fusobacterium necrophorum"	0.0	3035.0	1305.0	1623.0	731.0	2076.0	0.0	0.0	2046.0	0.0	595.0	0.0
"Fusobacterium nucleatum"	16221.0	5309.0	2726.0	16741.0	16997.0	24320.0	4450.0	2573.0	22420.0	5593.0	325.0	1404.0
"Fusobacterium periodonticum"	4560.0	0.0	594.0	736.0	2150.0	3806.0	0.0	398.0	11276.0	0.0	0.0	0.0
"Fusobacterium sp. HMSC064B11"	0.0	0.0	0.0	0.0	0.0	0.0	0.0	0.0	446.0	0.0	0.0	0.0
"Fusobacterium sp. oral taxon 203"	0.0	0.0	0.0	594.0	0.0	2078.0	691.0	0.0	1125.0	0.0	0.0	0.0
"Fusobacterium sp. oral taxon 370"	0.0	0.0	0.0	0.0	0.0	754.0	0.0	0.0	926.0	0.0	0.0	0.0
"Leptotrichia buccalis"	4409.0	1674.0	5652.0	1900.0	7798.0	4801.0	531.0	853.0	14897.0	878.0	0.0	584.0
"Leptotrichia hofstadii"	3558.0	0.0	833.0	0.0	1752.0	1442.0	0.0	441.0	2302.0	865.0	0.0	0.0
"Leptotrichia shahii"	0.0	0.0	0.0	0.0	599.0	0.0	0.0	0.0	744.0	0.0	0.0	0.0
"Leptotrichia trevisanii"	1639.0	0.0	510.0	0.0	981.0	1059.0	1166.0	0.0	1592.0	548.0	0.0	0.0
"Leptotrichia wadei"	1406.0	0.0	0.0	0.0	885.0	555.0	0.0	0.0	1295.0	0.0	0.0	0.0
"Leptotrichia sp. oral taxon 212"	63129.0	0.0	2687.0	705.0	18210.0	10913.0	1572.0	4256.0	23088.0	5321.0	0.0	2175.0
"Leptotrichia sp. oral taxon 215"	8108.0	0.0	973.0	0.0	4101.0	2868.0	419.0	732.0	6780.0	2056.0	0.0	0.0
"Leptotrichia sp. oral taxon 225"	6647.0	0.0	604.0	0.0	1359.0	1065.0	0.0	434.0	1709.0	704.0	0.0	0.0
"Leptotrichia sp. oral taxon 879"	1337.0	0.0	0.0	0.0	570.0	0.0	0.0	0.0	913.0	875.0	0.0	0.0
"Pseudoleptotrichia goodfellowii"	0.0	0.0	0.0	0.0	1976.0	0.0	903.0	0.0	0.0	7770.0	0.0	0.0
"Streptobacillus moniliformis"	0.0	0.0	0.0	898.0	0.0	1854.0	0.0	0.0	1127.0	0.0	0.0	0.0
"Methylobacterium radiotolerans"	0.0	0.0	0.0	0.0	0.0	0.0	0.0	0.0	0.0	0.0	481.0	0.0
"Mesorhizobium sp. ORS 3324"	0.0	7870.0	0.0	970.0	0.0	1215.0	2326.0	0.0	0.0	0.0	0.0	3523.0
"Rhodospirillales bacterium URHD0017"	0.0	0.0	0.0	0.0	0.0	0.0	0.0	454.0	0.0	0.0	0.0	0.0
"Achromobacter sp. DMS1"	0.0	0.0	0.0	0.0	747.0	0.0	0.0	316.0	0.0	0.0	0.0	0.0
"Lautropia mirabilis"	263839.0	1450.0	43133.0	3443.0	205351.0	27474.0	70231.0	105597.0	164550.0	434184.0	8984.0	97006.0
"Acidovorax anthurii"	0.0	0.0	0.0	0.0	914.0	0.0	0.0	0.0	0.0	0.0	0.0	0.0
"Acidovorax carolinensis"	0.0	0.0	0.0	0.0	564.0	0.0	0.0	0.0	0.0	0.0	0.0	0.0
"Acidovorax wautersii"	0.0	0.0	0.0	0.0	572.0	0.0	0.0	0.0	0.0	0.0	0.0	0.0
"Acidovorax sp. MR-S7"	0.0	0.0	0.0	0.0	722.0	0.0	0.0	0.0	0.0	0.0	0.0	0.0
"Alicycliphilus denitrificans"	0.0	0.0	0.0	0.0	943.0	0.0	0.0	0.0	0.0	0.0	0.0	0.0
"Brachymonas chironomi"	0.0	0.0	0.0	0.0	1295.0	0.0	0.0	307.0	1065.0	0.0	0.0	0.0
"Brachymonas denitrificans"	858.0	0.0	585.0	0.0	2169.0	0.0	0.0	495.0	1713.0	0.0	0.0	0.0
"Comamonas serinivorans"	0.0	0.0	0.0	0.0	868.0	0.0	0.0	0.0	0.0	0.0	0.0	0.0
"Comamonas testosteroni"	0.0	0.0	0.0	0.0	596.0	0.0	0.0	0.0	0.0	0.0	0.0	0.0
"Extensimonas vulgaris"	0.0	0.0	0.0	0.0	964.0	0.0	0.0	0.0	0.0	0.0	0.0	0.0
"Hydrogenophaga sp. PML113"	0.0	0.0	0.0	0.0	550.0	0.0	0.0	0.0	0.0	0.0	0.0	0.0
"Lampropedia hyalina"	0.0	0.0	0.0	0.0	557.0	0.0	0.0	0.0	0.0	0.0	0.0	0.0
"Melaminivora sp. SC2-9"	0.0	0.0	0.0	0.0	700.0	0.0	0.0	0.0	0.0	0.0	0.0	0.0
"Ottowia oryzae"	0.0	0.0	0.0	0.0	3266.0	0.0	0.0	654.0	585.0	1095.0	0.0	0.0
"Ottowia sp. Marseille-P4747"	228340.0	0.0	5499.0	1807.0	96394.0	0.0	101224.0	116553.0	1058.0	275162.0	540.0	143564.0
"Ottowia sp. oral taxon 894"	222756.0	0.0	5240.0	1802.0	92725.0	0.0	96455.0	111357.0	1091.0	255305.0	530.0	139530.0
"Polaromonas sp. JS666"	0.0	0.0	0.0	0.0	592.0	0.0	0.0	0.0	0.0	0.0	0.0	0.0
"Pulveribacter suum"	0.0	0.0	0.0	0.0	830.0	0.0	0.0	0.0	0.0	0.0	0.0	0.0
"Ramlibacter tataouinensis"	0.0	0.0	0.0	0.0	640.0	0.0	0.0	0.0	0.0	0.0	0.0	0.0
"Simplicispira metamorpha"	0.0	0.0	0.0	0.0	795.0	0.0	0.0	0.0	0.0	0.0	0.0	0.0
"Variovorax paradoxus"	0.0	0.0	0.0	0.0	579.0	0.0	0.0	0.0	0.0	0.0	0.0	0.0
"Xenophilus azovorans"	0.0	0.0	0.0	0.0	726.0	0.0	0.0	0.0	0.0	0.0	0.0	0.0
"Oxalobacter formigenes"	0.0	2891.0	0.0	0.0	0.0	0.0	0.0	0.0	0.0	0.0	0.0	0.0
"Eikenella corrodens"	22713.0	0.0	4251.0	642.0	101835.0	3858.0	6107.0	7302.0	7429.0	146289.0	724.0	19145.0
"Eikenella sp. HMSC061C02"	2082.0	0.0	0.0	0.0	7894.0	0.0	499.0	613.0	726.0	8276.0	0.0	1334.0
"Eikenella sp. HMSC071B05"	0.0	0.0	0.0	0.0	0.0	0.0	0.0	0.0	0.0	1230.0	0.0	0.0
"Eikenella sp. HMSC073A11"	0.0	0.0	0.0	0.0	0.0	0.0	0.0	0.0	0.0	1075.0	0.0	0.0
"Kingella denitrificans"	1785.0	0.0	0.0	0.0	2084.0	0.0	2217.0	5234.0	649.0	9745.0	0.0	0.0
"Kingella oralis"	0.0	0.0	0.0	0.0	791.0	0.0	602.0	335.0	0.0	1611.0	0.0	0.0
"Morococcus cerebrosus"	6631.0	0.0	0.0	0.0	2621.0	632.0	1660.0	2819.0	2055.0	1930.0	0.0	0.0
"Neisseria bacilliformis"	0.0	0.0	0.0	0.0	10950.0	0.0	7569.0	1061.0	0.0	1095.0	0.0	0.0
"Neisseria elongata"	65200.0	0.0	3996.0	652.0	47248.0	4724.0	7530.0	26545.0	13083.0	13148.0	1350.0	13741.0
"Neisseria gonorrhoeae"	1512.0	0.0	0.0	0.0	1018.0	0.0	402.0	703.0	543.0	1769.0	0.0	0.0
"Neisseria lactamica"	865.0	0.0	0.0	0.0	0.0	0.0	0.0	338.0	0.0	0.0	0.0	0.0
"Neisseria macacae"	2637.0	0.0	0.0	0.0	727.0	0.0	541.0	560.0	709.0	1423.0	0.0	0.0
"Neisseria meningitidis"	2422.0	0.0	0.0	0.0	1374.0	0.0	690.0	1186.0	1054.0	1914.0	0.0	0.0
"Neisseria mucosa"	1149.0	0.0	0.0	0.0	0.0	0.0	0.0	312.0	0.0	0.0	0.0	0.0
"Neisseria sicca"	9604.0	0.0	0.0	0.0	1324.0	576.0	938.0	1586.0	1723.0	1753.0	0.0	0.0
"Neisseria sp. GT4A_CT1"	1471.0	0.0	0.0	0.0	0.0	0.0	0.0	372.0	464.0	668.0	0.0	0.0
"Neisseria sp. HMSC03D10"	1510.0	0.0	0.0	0.0	0.0	0.0	0.0	363.0	0.0	548.0	0.0	0.0
"Neisseria sp. HMSC055F11"	1325.0	0.0	0.0	0.0	0.0	0.0	351.0	612.0	0.0	0.0	0.0	0.0
"Neisseria sp. HMSC055H02"	2543.0	0.0	0.0	0.0	553.0	0.0	478.0	889.0	725.0	722.0	0.0	0.0
"Neisseria sp. HMSC056A03"	703.0	0.0	0.0	0.0	0.0	0.0	0.0	0.0	0.0	893.0	0.0	0.0
"Neisseria sp. HMSC059F02"	962.0	0.0	0.0	0.0	0.0	0.0	0.0	545.0	0.0	0.0	0.0	0.0
"Neisseria sp. HMSC064E01"	14487.0	0.0	421.0	0.0	2616.0	1156.0	2610.0	2361.0	4479.0	2616.0	0.0	0.0
"Neisseria sp. HMSC064F04"	2474.0	0.0	0.0	0.0	1178.0	0.0	907.0	1365.0	913.0	0.0	0.0	0.0
"Neisseria sp. HMSC065D04"	2594.0	0.0	0.0	0.0	573.0	0.0	465.0	571.0	738.0	1295.0	0.0	0.0
"Neisseria sp. HMSC069H12"	724.0	0.0	0.0	0.0	0.0	0.0	0.0	0.0	0.0	892.0	0.0	0.0
"Neisseria sp. HMSC070E12"	1482.0	0.0	0.0	0.0	0.0	0.0	0.0	524.0	0.0	0.0	0.0	0.0
"Neisseria sp. HMSC072F04"	5478.0	0.0	0.0	0.0	599.0	0.0	638.0	1150.0	1175.0	1006.0	0.0	0.0
"Neisseria sp. HMSC073B07"	667.0	0.0	0.0	0.0	0.0	0.0	0.0	0.0	0.0	0.0	0.0	0.0
"Neisseria sp. HMSC074B07"	1568.0	0.0	0.0	0.0	0.0	0.0	0.0	372.0	422.0	661.0	0.0	0.0
"Neisseria sp. HMSC077D05"	9329.0	0.0	0.0	0.0	1676.0	759.0	1575.0	1734.0	2517.0	3005.0	0.0	0.0
"Neisseria sp. HMSC15C08"	3980.0	0.0	0.0	0.0	1954.0	0.0	1596.0	2553.0	1596.0	1133.0	0.0	0.0
"Neisseria sp. HMSC31F04"	8965.0	0.0	478.0	0.0	5344.0	669.0	982.0	3084.0	1658.0	1770.0	0.0	1507.0
"Neisseria sp. HMSC70E02"	2965.0	0.0	0.0	0.0	541.0	0.0	489.0	559.0	689.0	1100.0	0.0	0.0
"Neisseria sp. KEM232"	0.0	0.0	0.0	0.0	0.0	0.0	412.0	0.0	0.0	0.0	0.0	0.0
"Neisseria sp. oral taxon 014"	8370.0	0.0	5341.0	0.0	7261.0	1677.0	2343.0	4828.0	5176.0	23009.0	0.0	0.0
"Neisseria sp. oral taxon 020"	0.0	0.0	0.0	0.0	0.0	0.0	481.0	0.0	0.0	0.0	0.0	0.0
"Candidatus Dactylopiibacterium carminicum"	0.0	0.0	0.0	0.0	673.0	0.0	0.0	0.0	0.0	0.0	0.0	0.0
"Propionivibrio dicarboxylicus"	1964.0	1148.0	712.0	0.0	1634.0	2333.0	1120.0	1007.0	1819.0	0.0	1670.0	1142.0
"Desulfobulbus elongatus"	0.0	2733.0	688.0	0.0	0.0	0.0	0.0	0.0	0.0	0.0	0.0	0.0
"Desulfobulbus oralis"	93457.0	1013292.0	293147.0	132322.0	22007.0	418319.0	276727.0	94383.0	66199.0	60920.0	133929.0	80699.0
"Desulfomicrobium orale"	37186.0	121718.0	119780.0	163621.0	50259.0	255295.0	339000.0	51690.0	141593.0	39879.0	159327.0	435880.0
"Desulfovibrio fairfieldensis"	0.0	0.0	0.0	0.0	0.0	0.0	0.0	0.0	0.0	0.0	410.0	0.0
"Desulfovibrio legallii"	0.0	0.0	0.0	0.0	0.0	0.0	0.0	0.0	0.0	0.0	456.0	0.0
"Desulfovibrio sp. 6_1_46AFAA"	0.0	0.0	0.0	0.0	0.0	0.0	0.0	0.0	0.0	0.0	410.0	0.0
"Geobacter sulfurreducens"	0.0	0.0	0.0	613.0	0.0	771.0	458.0	0.0	0.0	0.0	0.0	0.0
"Campylobacter concisus"	4567.0	1171.0	2951.0	1485.0	3646.0	1941.0	985.0	1058.0	4672.0	1004.0	832.0	1411.0
"Campylobacter curvus"	0.0	0.0	0.0	0.0	750.0	0.0	393.0	0.0	0.0	0.0	0.0	0.0
"Campylobacter gracilis"	22527.0	15692.0	26093.0	5183.0	20731.0	32526.0	19830.0	6609.0	10769.0	3662.0	5742.0	5088.0
"Campylobacter showae"	116131.0	28139.0	94633.0	16907.0	113053.0	34765.0	25283.0	31953.0	111677.0	27655.0	24884.0	43495.0
"Shewanella decolorationis"	0.0	0.0	0.0	0.0	0.0	0.0	0.0	575.0	0.0	0.0	445.0	0.0
"Cardiobacterium hominis"	19798.0	1408.0	5544.0	0.0	113578.0	2654.0	13615.0	15146.0	3039.0	157664.0	1330.0	2972.0
"Cardiobacterium valvarum"	57459.0	4861.0	12102.0	826.0	69780.0	6807.0	13220.0	20366.0	13638.0	45164.0	5372.0	20720.0
"Aggregatibacter actinomycetemcomitans"	1264.0	0.0	0.0	0.0	729.0	0.0	540.0	0.0	0.0	0.0	0.0	0.0
"Aggregatibacter aphrophilus"	150826.0	0.0	1958.0	474.0	16828.0	2597.0	4606.0	3454.0	15120.0	46632.0	952.0	482.0
"Aggregatibacter segnis"	38553.0	0.0	1973.0	639.0	48838.0	1310.0	636.0	2697.0	21435.0	2329.0	805.0	964.0
"Aggregatibacter sp. oral taxon 458"	3993.0	0.0	0.0	0.0	3168.0	0.0	0.0	0.0	1400.0	0.0	0.0	0.0
"Canicola haemoglobinophilus"	0.0	0.0	0.0	484.0	0.0	0.0	0.0	0.0	0.0	0.0	0.0	0.0
"Haemophilus haemolyticus"	948.0	0.0	0.0	0.0	0.0	0.0	0.0	0.0	0.0	0.0	0.0	0.0
"Haemophilus parainfluenzae"	3668.0	0.0	0.0	0.0	1183.0	0.0	0.0	0.0	708.0	1117.0	0.0	0.0
"Histophilus somni"	0.0	0.0	0.0	626.0	0.0	0.0	0.0	0.0	0.0	0.0	0.0	0.0
"Mannheimia haemolytica"	0.0	0.0	0.0	0.0	0.0	0.0	0.0	0.0	595.0	0.0	0.0	0.0
"Pseudomonas aeruginosa"	2737.0	0.0	0.0	0.0	1566.0	0.0	441.0	408.0	0.0	0.0	0.0	0.0
"Pseudomonas syringae"	0.0	12824.0	0.0	1209.0	0.0	1997.0	3406.0	312.0	0.0	0.0	15231.0	12648.0
"Pseudomonas sp. 24 E 13"	0.0	0.0	11670.0	0.0	9597.0	0.0	0.0	2496.0	3588.0	28216.0	2820.0	0.0
"Vibrio cholerae"	0.0	0.0	0.0	0.0	0.0	0.0	0.0	0.0	0.0	0.0	0.0	458.0
"Treponema denticola"	17408.0	13411.0	11695.0	29256.0	12709.0	81922.0	22856.0	13254.0	26025.0	6832.0	12331.0	19347.0
"Treponema lecithinolyticum"	0.0	0.0	906.0	1238.0	0.0	2234.0	4649.0	1732.0	591.0	1059.0	1768.0	10802.0
"Treponema maltophilum"	18991.0	15440.0	10953.0	8728.0	18204.0	23802.0	11920.0	10833.0	13017.0	5201.0	15740.0	26567.0
"Treponema medium"	0.0	1328.0	665.0	1161.0	0.0	1855.0	588.0	471.0	718.0	0.0	464.0	942.0
"Treponema pedis"	0.0	0.0	0.0	1195.0	0.0	1914.0	0.0	0.0	596.0	0.0	304.0	0.0
"Treponema putidum"	683.0	7129.0	904.0	1733.0	646.0	3389.0	730.0	580.0	1019.0	0.0	2814.0	919.0
"Treponema socranskii"	28416.0	56082.0	15944.0	15207.0	11905.0	69688.0	25763.0	18544.0	18539.0	7677.0	25368.0	28673.0
"Treponema vincentii"	0.0	2013.0	0.0	0.0	0.0	676.0	0.0	0.0	0.0	0.0	320.0	0.0
"Treponema sp. OMZ 838"	1028.0	2792.0	1908.0	1122.0	1390.0	2066.0	751.0	708.0	1937.0	881.0	435.0	1121.0
"Aminobacterium colombiense"	0.0	0.0	0.0	0.0	0.0	958.0	344.0	313.0	0.0	0.0	0.0	0.0
"Aminomonas paucivorans"	692.0	2068.0	1119.0	1174.0	0.0	1627.0	1086.0	1008.0	594.0	746.0	1397.0	1174.0
"Cloacibacillus evryensis"	0.0	1648.0	0.0	763.0	0.0	0.0	0.0	0.0	1015.0	0.0	421.0	0.0
"Cloacibacillus porcorum"	0.0	3365.0	0.0	1299.0	0.0	833.0	0.0	324.0	1794.0	0.0	1082.0	0.0
"Jonquetella anthropi"	0.0	3310.0	750.0	1422.0	0.0	1773.0	560.0	493.0	588.0	0.0	615.0	606.0
"Synergistes sp. 3_1_syn1"	0.0	1357.0	0.0	551.0	0.0	0.0	0.0	0.0	766.0	0.0	562.0	0.0
"Thermanaerovibrio acidaminovorans"	0.0	0.0	484.0	527.0	0.0	818.0	477.0	423.0	0.0	0.0	656.0	555.0
"Thermanaerovibrio velox"	0.0	0.0	0.0	0.0	0.0	0.0	0.0	0.0	0.0	0.0	311.0	0.0
"Actinobaculum sp. oral taxon 183"	0.0	0.0	3820.0	619.0	2583.0	0.0	1424.0	626.0	0.0	1498.0	1532.0	570.0
"Actinomyces bouchesdurhonensis"	961.0	3753.0	2754.0	854.0	1894.0	691.0	0.0	484.0	2755.0	1471.0	1258.0	0.0
"Actinomyces culturomici"	1539.0	72732.0	997.0	806.0	0.0	541.0	493.0	838.0	586.0	589.0	5422.0	1174.0
"Actinomyces dentalis"	662045.0	629982.0	452576.0	243641.0	229918.0	648326.0	213647.0	213663.0	172480.0	222621.0	546836.0	675501.0
"Actinomyces denticolens"	0.0	1418.0	0.0	0.0	0.0	0.0	0.0	0.0	0.0	0.0	608.0	1193.0
"Actinomyces gaoshouyii"	1479.0	1316.0	0.0	0.0	0.0	0.0	0.0	0.0	0.0	0.0	484.0	461.0
"Actinomyces gerencseriae"	16753.0	13997.0	24477.0	5696.0	7933.0	170767.0	29712.0	13369.0	5369.0	19468.0	14243.0	15087.0
"Actinomyces glycerinitolerans"	864.0	1690.0	474.0	0.0	0.0	813.0	0.0	0.0	0.0	0.0	748.0	1046.0
"Actinomyces israelii"	10491.0	14321.0	5376.0	71540.0	75843.0	11439.0	221714.0	32083.0	3392.0	2564.0	36865.0	279241.0
"Actinomyces johnsonii"	16615.0	5977.0	6693.0	2460.0	8367.0	5190.0	5711.0	14117.0	12174.0	12534.0	4118.0	3164.0
"Actinomyces massiliensis"	4397.0	4478.0	1645.0	2924.0	10118.0	7629.0	37773.0	18533.0	1399.0	15999.0	4486.0	5528.0
"Actinomyces naeslundii"	59702.0	13044.0	30232.0	3920.0	24594.0	28029.0	18367.0	39621.0	42790.0	43989.0	29404.0	8559.0
"Actinomyces oris"	45249.0	43945.0	69022.0	22645.0	42996.0	34362.0	17816.0	38223.0	46220.0	189758.0	9664.0	11222.0
"Actinomyces provencensis"	0.0	4347.0	0.0	0.0	0.0	0.0	0.0	0.0	0.0	0.0	404.0	0.0
"Actinomyces radicidentis"	12336.0	27130.0	5647.0	464.0	3714.0	4619.0	614.0	3291.0	3446.0	1501.0	5721.0	5017.0
"Actinomyces ruminicola"	6326.0	12923.0	3196.0	879.0	1906.0	5449.0	1147.0	1806.0	2190.0	1163.0	5366.0	7721.0
"Actinomyces slackii"	2720.0	5226.0	1446.0	0.0	995.0	3566.0	636.0	927.0	1391.0	559.0	5818.0	12889.0
"Actinomyces timonensis"	5559.0	8847.0	1912.0	7188.0	1756.0	3732.0	986.0	5079.0	1542.0	916.0	15369.0	5212.0
"Actinomyces urogenitalis"	6468.0	14936.0	3172.0	0.0	1934.0	3023.0	479.0	2018.0	2224.0	903.0	3650.0	3788.0
"Actinomyces viscosus"	1822.0	1981.0	3217.0	905.0	3294.0	1247.0	687.0	1646.0	1768.0	9999.0	697.0	786.0
"Actinomyces sp. HMSC035G02"	2697.0	4578.0	3691.0	1110.0	3400.0	740.0	0.0	802.0	3525.0	6802.0	832.0	0.0
"Actinomyces sp. HMSC062G12"	0.0	1721.0	612.0	845.0	747.0	1844.0	1279.0	720.0	1231.0	0.0	476.0	833.0
"Actinomyces sp. HMSC075C01"	3232.0	1958.0	1653.0	1461.0	1440.0	2512.0	1190.0	2344.0	2596.0	3420.0	645.0	994.0
"Actinomyces sp. HMSC08A09"	1764.0	2118.0	3247.0	996.0	3391.0	1272.0	646.0	1460.0	1661.0	11630.0	430.0	549.0
"Actinomyces sp. HPA0247"	2747.0	8484.0	3077.0	839.0	2231.0	1031.0	0.0	686.0	3921.0	8967.0	1070.0	0.0
"Actinomyces sp. oral taxon 170"	25695.0	3102.0	7619.0	745.0	12949.0	3871.0	7513.0	18910.0	19940.0	12088.0	1553.0	2109.0
"Actinomyces sp. oral taxon 171"	7331.0	2590.0	3332.0	1391.0	3545.0	3592.0	2932.0	8137.0	6264.0	5358.0	830.0	1229.0
"Actinomyces sp. oral taxon 172"	3293.0	9736.0	9663.0	2265.0	6412.0	2018.0	0.0	1440.0	7758.0	4248.0	3451.0	732.0
"Actinomyces sp. oral taxon 178"	1626.0	3757.0	4867.0	0.0	2488.0	3077.0	0.0	421.0	1348.0	615.0	0.0	428.0
"Actinomyces sp. oral taxon 180"	0.0	2192.0	1045.0	0.0	733.0	725.0	0.0	0.0	1219.0	2025.0	341.0	0.0
"Actinomyces sp. oral taxon 414"	358129.0	282413.0	190723.0	137272.0	161759.0	283164.0	72926.0	133837.0	88985.0	144861.0	200392.0	197975.0
"Actinomyces sp. oral taxon 448"	2525.0	4320.0	1646.0	1024.0	1315.0	4304.0	1292.0	1163.0	1102.0	1611.0	2318.0	3725.0
"Actinomyces sp. oral taxon 848"	0.0	0.0	14097.0	0.0	0.0	5842.0	0.0	520.0	0.0	25932.0	0.0	0.0
"Actinomyces sp. oral taxon 849"	6178.0	1884.0	2383.0	1041.0	3040.0	2042.0	2172.0	5457.0	4557.0	4976.0	1372.0	860.0
"Actinomyces sp. oral taxon 877"	6044.0	13752.0	18725.0	0.0	10652.0	11704.0	401.0	1616.0	4704.0	2180.0	776.0	1559.0
"Actinomyces sp. oral taxon 897"	5923.0	8023.0	3204.0	28485.0	366792.0	5982.0	20548.0	27569.0	2151.0	1558.0	79131.0	149399.0
"Bowdeniella nasicola"	0.0	977.0	0.0	0.0	0.0	0.0	0.0	0.0	0.0	0.0	0.0	0.0
"Mobiluncus curtisii"	0.0	0.0	0.0	84.0	0.0	0.0	0.0	0.0	0.0	0.0	0.0	0.0
"Mobiluncus holmesii"	0.0	0.0	0.0	457.0	0.0	0.0	0.0	0.0	0.0	0.0	0.0	0.0
"Schaalia cardiffensis"	25701.0	181528.0	33222.0	45554.0	21517.0	108225.0	13250.0	13481.0	106346.0	17469.0	48379.0	12758.0
"Schaalia georgiae"	2365.0	7382.0	5410.0	0.0	2286.0	7562.0	1252.0	1245.0	2648.0	2132.0	687.0	988.0
"Schaalia meyeri"	0.0	1553.0	423.0	839.0	0.0	1720.0	1132.0	648.0	1136.0	0.0	318.0	810.0
"Schaalia odontolytica"	11140.0	19965.0	13687.0	3590.0	11594.0	3807.0	0.0	3045.0	18331.0	51154.0	3506.0	945.0
"Schaalia suimastitidis"	0.0	2250.0	0.0	0.0	0.0	0.0	0.0	0.0	0.0	0.0	0.0	0.0
"Schaalia turicensis"	0.0	7831.0	0.0	0.0	0.0	0.0	0.0	0.0	0.0	0.0	588.0	0.0
"Corynebacterium durum"	0.0	0.0	0.0	0.0	0.0	2207.0	3584.0	10211.0	0.0	2463.0	0.0	0.0
"Corynebacterium kroppenstedtii"	0.0	0.0	0.0	0.0	0.0	0.0	0.0	0.0	928.0	0.0	0.0	0.0
"Corynebacterium matruchotii"	193136.0	982.0	5531.0	544.0	71424.0	66195.0	112861.0	68717.0	36267.0	46844.0	3507.0	9589.0
"Corynebacterium provencense"	709.0	0.0	0.0	0.0	0.0	0.0	0.0	5186.0	0.0	0.0	0.0	0.0
"Corynebacterium vitaeruminis"	0.0	0.0	0.0	572.0	0.0	0.0	0.0	0.0	452.0	0.0	0.0	0.0
"Corynebacterium xerosis"	0.0	0.0	0.0	0.0	0.0	0.0	0.0	399.0	0.0	0.0	0.0	0.0
"Cellulomonas flavigena"	693.0	2680.0	3189.0	470.0	1767.0	1145.0	0.0	0.0	1730.0	2621.0	473.0	0.0
"Kytococcus sedentarius"	1244.0	4775.0	4438.0	829.0	2403.0	2084.0	0.0	522.0	3372.0	5452.0	921.0	0.0
"Rothia aeria"	1039.0	0.0	1648.0	0.0	1681.0	6366.0	12524.0	14991.0	0.0	77822.0	0.0	482.0
"Rothia dentocariosa"	0.0	0.0	0.0	0.0	0.0	541.0	0.0	376.0	0.0	1551.0	0.0	0.0
"Rothia sp. HMSC064D08"	0.0	0.0	0.0	0.0	0.0	0.0	0.0	0.0	0.0	627.0	0.0	0.0
"Rothia sp. HMSC067H10"	0.0	0.0	0.0	0.0	0.0	0.0	0.0	0.0	0.0	721.0	0.0	0.0
"Xylanimonas cellulosilytica"	2456.0	3927.0	2659.0	801.0	2488.0	644.0	0.0	650.0	2977.0	5838.0	706.0	0.0
"Sanguibacter keddieii"	2759.0	6151.0	3603.0	1198.0	3537.0	860.0	0.0	788.0	3664.0	6795.0	1047.0	0.0
"Arachnia propionica"	368528.0	45579.0	113918.0	24313.0	167392.0	99576.0	317783.0	252432.0	25238.0	275852.0	32572.0	97301.0
"Propionibacterium acidifaciens"	0.0	1173.0	0.0	838.0	0.0	0.0	0.0	306.0	0.0	0.0	0.0	508.0
"Propionibacterium australiense"	0.0	1228.0	0.0	0.0	0.0	0.0	0.0	0.0	0.0	0.0	0.0	0.0
"Propionibacterium freudenreichii"	0.0	0.0	0.0	0.0	0.0	0.0	0.0	0.0	0.0	0.0	308.0	0.0
"Propionibacterium sp. oral taxon 192"	4039.0	349661.0	46804.0	1262.0	1288.0	7300.0	1065.0	3395.0	1586.0	13011.0	13057.0	856.0
"Tessaracoccus flavescens"	0.0	0.0	0.0	0.0	0.0	0.0	0.0	0.0	0.0	0.0	315.0	0.0
"Atopobium sp. oral taxon 810"	0.0	4020.0	0.0	2240.0	0.0	649.0	0.0	0.0	927.0	0.0	1325.0	3620.0
"Lancefieldella parvula"	0.0	3523.0	1590.0	0.0	0.0	0.0	0.0	0.0	697.0	0.0	0.0	0.0
"Olsenella massiliensis"	0.0	1201.0	0.0	0.0	0.0	0.0	0.0	0.0	0.0	0.0	0.0	0.0
"Olsenella phocaeensis"	0.0	1263.0	0.0	1166.0	0.0	0.0	0.0	0.0	0.0	0.0	0.0	0.0
"Olsenella timonensis"	0.0	2037.0	0.0	640.0	0.0	0.0	0.0	0.0	0.0	0.0	0.0	0.0
"Olsenella uli"	0.0	29263.0	1843.0	25259.0	874.0	2426.0	0.0	332.0	1359.0	0.0	4974.0	10481.0
"Olsenella urininfantis"	0.0	4004.0	550.0	1086.0	0.0	0.0	0.0	0.0	0.0	0.0	0.0	0.0
"Olsenella sp. DNF00959"	0.0	1196.0	0.0	1995.0	0.0	543.0	0.0	0.0	0.0	0.0	0.0	0.0
"Olsenella sp. HMSC062G07"	0.0	1612.0	0.0	486.0	0.0	0.0	0.0	0.0	0.0	0.0	0.0	0.0
"Olsenella sp. oral taxon 807"	129036.0	825825.0	251145.0	336510.0	61698.0	334556.0	38570.0	66872.0	83009.0	82522.0	138697.0	140543.0
"Olsenella sp. oral taxon 809"	0.0	1316.0	0.0	2118.0	0.0	0.0	0.0	0.0	0.0	0.0	0.0	494.0
"Parafannyhessea umbonata"	0.0	1504.0	0.0	564.0	0.0	0.0	0.0	0.0	0.0	0.0	0.0	0.0
"Thermophilibacter provencensis"	0.0	2296.0	0.0	717.0	0.0	0.0	0.0	0.0	0.0	0.0	0.0	0.0
"Enorma phocaeensis"	0.0	903.0	0.0	0.0	0.0	0.0	0.0	0.0	0.0	0.0	0.0	0.0
"Senegalimassilia anaerobia"	0.0	1887.0	0.0	0.0	0.0	0.0	0.0	0.0	0.0	0.0	0.0	0.0
"Adlercreutzia caecimuris"	0.0	2300.0	0.0	0.0	0.0	0.0	0.0	0.0	0.0	0.0	0.0	0.0
"Adlercreutzia equolifaciens"	0.0	2729.0	0.0	0.0	0.0	0.0	0.0	0.0	0.0	0.0	0.0	0.0
"Adlercreutzia mucosicola"	0.0	1918.0	0.0	0.0	0.0	0.0	0.0	0.0	0.0	0.0	0.0	0.0
"Arabiibacter massiliensis"	0.0	6396.0	444.0	513.0	0.0	0.0	0.0	0.0	0.0	0.0	0.0	0.0
"Berryella intestinalis"	0.0	23077.0	1456.0	1559.0	0.0	1689.0	791.0	496.0	511.0	0.0	586.0	494.0
"Denitrobacterium detoxificans"	0.0	2203.0	0.0	0.0	0.0	0.0	0.0	0.0	0.0	0.0	0.0	0.0
"Eggerthella lenta"	0.0	11610.0	848.0	1052.0	0.0	945.0	500.0	309.0	437.0	0.0	408.0	474.0
"Eggerthella sp. YY7918"	0.0	898.0	0.0	0.0	0.0	0.0	0.0	0.0	0.0	0.0	0.0	0.0
"Gordonibacter massiliensis"	0.0	7276.0	507.0	533.0	0.0	0.0	0.0	0.0	0.0	0.0	0.0	0.0
"Gordonibacter pamelaeae"	0.0	8319.0	0.0	493.0	0.0	0.0	385.0	0.0	0.0	0.0	0.0	0.0
"Gordonibacter urolithinfaciens"	0.0	4135.0	0.0	0.0	0.0	0.0	0.0	0.0	0.0	0.0	0.0	0.0
"Paraeggerthella hongkongensis"	0.0	3235.0	0.0	758.0	0.0	0.0	0.0	0.0	0.0	0.0	326.0	0.0
"Raoultibacter massiliensis"	0.0	4905.0	0.0	0.0	0.0	0.0	0.0	0.0	0.0	0.0	0.0	0.0
"Raoultibacter timonensis"	0.0	2574.0	0.0	0.0	0.0	0.0	0.0	0.0	0.0	0.0	0.0	0.0
"Slackia exigua"	0.0	94577.0	38518.0	5924.0	1365.0	6639.0	2864.0	2080.0	2426.0	737.0	9291.0	5479.0
"Slackia heliotrinireducens"	0.0	2644.0	0.0	0.0	0.0	0.0	0.0	0.0	0.0	0.0	0.0	0.0
"Slackia isoflavoniconvertens"	0.0	1012.0	0.0	0.0	0.0	0.0	0.0	0.0	0.0	0.0	0.0	0.0
"Eggerthellaceae bacterium AT8"	0.0	1625.0	0.0	0.0	0.0	0.0	0.0	0.0	0.0	0.0	0.0	0.0
"Anaerolineaceae bacterium oral taxon 439"	65300.0	2032490.0	422075.0	528459.0	179799.0	144296.0	231583.0	161244.0	68809.0	58288.0	272939.0	143129.0
"Gemella bergeri"	0.0	1189.0	0.0	0.0	0.0	1056.0	0.0	0.0	469.0	0.0	0.0	0.0
"Gemella cuniculi"	0.0	0.0	0.0	0.0	0.0	0.0	0.0	0.0	454.0	0.0	0.0	0.0
"Gemella haemolysans"	876.0	0.0	0.0	0.0	2002.0	0.0	0.0	0.0	1027.0	0.0	0.0	0.0
"Gemella morbillorum"	60231.0	1153.0	2339.0	2667.0	102447.0	12759.0	1027.0	2357.0	92426.0	16186.0	597.0	0.0
"Gemella sanguinis"	0.0	0.0	0.0	0.0	1607.0	0.0	0.0	0.0	1527.0	0.0	0.0	0.0
"Abiotrophia defectiva"	9342.0	5753.0	3053.0	0.0	10622.0	1072.0	669.0	2466.0	12194.0	15013.0	965.0	678.0
"Abiotrophia sp. HMSC24B09"	21569.0	6797.0	5417.0	0.0	17190.0	2361.0	1395.0	5024.0	23955.0	19172.0	1232.0	1729.0
"Granulicatella adiacens"	3047.0	0.0	0.0	0.0	0.0	0.0	0.0	0.0	1403.0	0.0	0.0	0.0
"Granulicatella sp. 572.rep1_STHE"	1841.0	0.0	0.0	0.0	0.0	0.0	0.0	0.0	800.0	0.0	0.0	0.0
"Granulicatella sp. HMSC30F09"	1946.0	0.0	0.0	0.0	0.0	0.0	0.0	0.0	973.0	0.0	0.0	0.0
"Granulicatella sp. HMSC31F03"	1661.0	0.0	0.0	0.0	0.0	0.0	0.0	0.0	725.0	0.0	0.0	0.0
"Enterococcus faecium"	0.0	0.0	0.0	0.0	0.0	0.0	0.0	349.0	0.0	0.0	17154.0	2331.0
"Streptococcus agalactiae"	2905.0	0.0	0.0	0.0	0.0	0.0	0.0	0.0	0.0	0.0	0.0	0.0
"Streptococcus anginosus"	2981.0	3126.0	1622.0	6188.0	5135.0	3198.0	668.0	831.0	2449.0	0.0	937.0	727.0
"Streptococcus constellatus"	2020.0	2386.0	477.0	2079.0	796.0	2211.0	0.0	0.0	1601.0	0.0	712.0	510.0
"Streptococcus intermedius"	3250.0	3378.0	1766.0	2375.0	2719.0	2734.0	771.0	774.0	3968.0	1396.0	1427.0	700.0
"Streptococcus australis"	0.0	0.0	0.0	0.0	0.0	0.0	0.0	0.0	434.0	0.0	0.0	0.0
"Streptococcus cristatus"	34783.0	27325.0	23693.0	12121.0	58453.0	2911.0	1503.0	7712.0	32896.0	8808.0	7845.0	4308.0
"Streptococcus equi"	0.0	0.0	0.0	2363.0	665.0	2325.0	0.0	0.0	2759.0	0.0	423.0	0.0
"Streptococcus gordonii"	9031.0	7663.0	5622.0	1445.0	37402.0	1403.0	1262.0	2548.0	6381.0	24671.0	1015.0	484.0
"Streptococcus infantis"	0.0	0.0	0.0	0.0	0.0	0.0	0.0	0.0	1146.0	0.0	0.0	0.0
"Streptococcus massiliensis"	710.0	0.0	514.0	615.0	1966.0	0.0	0.0	0.0	0.0	0.0	0.0	0.0
"Streptococcus mitis"	7639.0	0.0	1218.0	0.0	4910.0	1246.0	0.0	652.0	4818.0	0.0	0.0	0.0
"Streptococcus oralis"	44174.0	7043.0	10635.0	4161.0	48721.0	7018.0	2966.0	5652.0	28336.0	4086.0	1781.0	1495.0
"Streptococcus parasanguinis"	0.0	0.0	0.0	0.0	784.0	0.0	0.0	0.0	701.0	0.0	0.0	0.0
"Streptococcus pneumoniae"	2885.0	1096.0	1360.0	557.0	3885.0	556.0	0.0	446.0	2852.0	0.0	0.0	0.0
"Streptococcus pseudopneumoniae"	2098.0	0.0	708.0	621.0	3538.0	0.0	0.0	502.0	2206.0	0.0	0.0	0.0
"Streptococcus pyogenes"	0.0	0.0	0.0	520.0	0.0	0.0	0.0	0.0	0.0	0.0	0.0	0.0
"Streptococcus salivarius"	2295.0	1058.0	1047.0	0.0	1648.0	0.0	566.0	677.0	1390.0	4283.0	0.0	0.0
"Streptococcus sanguinis"	144788.0	29988.0	62762.0	9996.0	62165.0	14239.0	42038.0	47312.0	63709.0	312908.0	9364.0	16332.0
"Streptococcus suis"	0.0	0.0	0.0	0.0	0.0	0.0	0.0	0.0	519.0	0.0	0.0	0.0
"Streptococcus sp. 263_SSPC"	1360.0	0.0	0.0	0.0	0.0	0.0	0.0	0.0	1138.0	0.0	0.0	0.0
"Streptococcus sp. 2_1_36FAA"	0.0	0.0	0.0	0.0	2523.0	0.0	0.0	0.0	436.0	1690.0	0.0	0.0
"Streptococcus sp. C300"	1108.0	0.0	0.0	0.0	882.0	0.0	0.0	0.0	601.0	0.0	0.0	0.0
"Streptococcus sp. DD04"	221269.0	194162.0	154886.0	59483.0	180546.0	12259.0	1929.0	29580.0	133009.0	14445.0	50412.0	25513.0
"Streptococcus sp. F0441"	1565.0	0.0	466.0	0.0	2904.0	0.0	0.0	0.0	1260.0	0.0	0.0	0.0
"Streptococcus sp. HMSC061D01"	0.0	993.0	622.0	835.0	1546.0	810.0	0.0	0.0	2177.0	0.0	0.0	0.0
"Streptococcus sp. HMSC062B01"	0.0	0.0	0.0	0.0	1422.0	0.0	0.0	0.0	0.0	1353.0	0.0	0.0
"Streptococcus sp. HMSC062D07"	0.0	0.0	0.0	0.0	0.0	0.0	0.0	0.0	650.0	0.0	0.0	0.0
"Streptococcus sp. HMSC066F01"	0.0	0.0	0.0	0.0	570.0	0.0	0.0	0.0	0.0	0.0	0.0	0.0
"Streptococcus sp. HMSC067H01"	0.0	0.0	0.0	0.0	0.0	0.0	0.0	0.0	619.0	0.0	0.0	0.0
"Streptococcus sp. HMSC072D05"	940.0	0.0	0.0	0.0	613.0	0.0	0.0	0.0	475.0	0.0	0.0	0.0
"Streptococcus sp. HMSC10A01"	0.0	0.0	0.0	0.0	1649.0	0.0	0.0	0.0	0.0	1090.0	0.0	0.0
"Streptococcus sp. M143"	703.0	0.0	0.0	0.0	986.0	0.0	0.0	0.0	488.0	0.0	0.0	0.0
"Streptococcus sp. NLAE-zl-C503"	2480.0	0.0	863.0	0.0	2060.0	0.0	0.0	0.0	1462.0	0.0	0.0	0.0
"Streptococcus sp. NPS 308"	6640.0	0.0	704.0	0.0	2538.0	868.0	0.0	387.0	3362.0	0.0	0.0	0.0
"Streptococcus sp. oral taxon 058"	2703.0	0.0	754.0	0.0	3824.0	0.0	0.0	428.0	2212.0	0.0	0.0	0.0
"Streptococcus sp. oral taxon 071"	1647.0	0.0	666.0	0.0	2743.0	0.0	0.0	0.0	1353.0	0.0	0.0	0.0
"Christensenella intestinihominis"	0.0	1160.0	0.0	0.0	0.0	578.0	0.0	0.0	0.0	0.0	0.0	0.0
"Christensenella minuta"	0.0	2185.0	0.0	0.0	0.0	759.0	0.0	0.0	683.0	0.0	449.0	0.0
"Clostridium indicum"	0.0	0.0	0.0	0.0	0.0	0.0	0.0	0.0	1035.0	0.0	0.0	0.0
"Eubacterium callanderi"	0.0	0.0	0.0	0.0	0.0	547.0	0.0	0.0	0.0	0.0	0.0	0.0
"Eubacterium pyruvativorans"	0.0	903.0	0.0	689.0	0.0	0.0	0.0	0.0	0.0	0.0	364.0	0.0
"Pseudoramibacter alactolyticus"	846.0	94175.0	1846.0	9326.0	2710.0	1575.0	416.0	0.0	841.0	0.0	6954.0	62181.0
"[Eubacterium] brachy"	0.0	3114.0	1123.0	7644.0	928.0	5469.0	6769.0	1153.0	2017.0	1862.0	2271.0	7364.0
"[Eubacterium] infirmum"	0.0	5084.0	1840.0	7400.0	1054.0	5876.0	1031.0	441.0	4728.0	0.0	1497.0	591.0
"[Eubacterium] minutum"	12182.0	83197.0	55109.0	70679.0	29939.0	197375.0	118209.0	26357.0	161068.0	12520.0	51375.0	26667.0
"[Eubacterium] saphenum"	0.0	9311.0	670.0	33379.0	8317.0	19911.0	4083.0	4100.0	8313.0	1735.0	14217.0	29676.0
"[Eubacterium] sulci"	0.0	1651.0	2385.0	1211.0	0.0	2071.0	0.0	0.0	7293.0	0.0	381.0	0.0
"Anaerovorax odorimutans"	0.0	1501.0	0.0	1382.0	0.0	1048.0	0.0	0.0	0.0	0.0	496.0	0.0
"Emergencia timonensis"	0.0	1713.0	0.0	1477.0	0.0	965.0	0.0	0.0	0.0	0.0	578.0	0.0
"Mogibacterium diversum"	0.0	2798.0	1212.0	1331.0	798.0	2111.0	0.0	0.0	6780.0	0.0	627.0	0.0
"Mogibacterium pumilum"	1197.0	11881.0	3838.0	6889.0	2973.0	17632.0	401.0	762.0	33897.0	0.0	4696.0	1080.0
"Intestinimonas butyriciproducens"	0.0	0.0	0.0	0.0	0.0	0.0	0.0	0.0	940.0	0.0	0.0	0.0
"Catonella morbi"	10752.0	11745.0	10829.0	8049.0	18861.0	18073.0	2653.0	3518.0	25202.0	2084.0	4041.0	2938.0
"Johnsonella ignava"	15930.0	16684.0	41119.0	5017.0	47506.0	16403.0	6029.0	3135.0	21201.0	11019.0	948.0	2727.0
"Lachnoanaerobaculum saburreum"	1684.0	2335.0	1979.0	1332.0	2824.0	2054.0	0.0	501.0	3870.0	0.0	314.0	425.0
"Lachnoanaerobaculum umeaense"	0.0	0.0	1008.0	511.0	666.0	1288.0	0.0	0.0	3572.0	0.0	0.0	0.0
"Lachnoanaerobaculum sp. OBRC5-5"	886.0	1123.0	788.0	993.0	852.0	1335.0	0.0	0.0	2907.0	0.0	0.0	0.0
"Oribacterium asaccharolyticum"	0.0	0.0	0.0	562.0	0.0	0.0	0.0	0.0	825.0	0.0	0.0	0.0
"Oribacterium parvum"	0.0	0.0	0.0	0.0	0.0	0.0	0.0	0.0	431.0	0.0	0.0	0.0
"Oribacterium sinus"	0.0	0.0	0.0	0.0	0.0	0.0	0.0	0.0	803.0	0.0	0.0	0.0
"Oribacterium sp. oral taxon 078"	683.0	6034.0	1258.0	1910.0	0.0	6906.0	0.0	0.0	2795.0	0.0	1323.0	446.0
"Shuttleworthia satelles"	0.0	2191.0	693.0	785.0	0.0	597.0	0.0	0.0	503.0	0.0	516.0	0.0
"Stomatobaculum longum"	0.0	3437.0	777.0	0.0	0.0	613.0	0.0	0.0	1824.0	0.0	691.0	0.0
"Lachnospiraceae bacterium"	0.0	0.0	0.0	0.0	0.0	0.0	0.0	0.0	540.0	0.0	0.0	0.0
"Lachnospiraceae bacterium 3_1_46FAA"	0.0	1098.0	0.0	0.0	0.0	0.0	0.0	0.0	0.0	0.0	0.0	0.0
"Lachnospiraceae bacterium oral taxon 082"	0.0	0.0	0.0	466.0	0.0	0.0	0.0	0.0	757.0	0.0	0.0	0.0
"Lachnospiraceae bacterium oral taxon 500"	32403.0	45931.0	40352.0	27657.0	25636.0	58449.0	11173.0	10500.0	71470.0	6290.0	15460.0	13934.0
"[Clostridium] sporosphaeroides"	0.0	2544.0	0.0	0.0	0.0	0.0	0.0	0.0	838.0	0.0	0.0	0.0
"[Clostridium] viride"	0.0	0.0	0.0	0.0	0.0	0.0	0.0	0.0	1076.0	0.0	0.0	0.0
"Ruminococcus bromii"	0.0	0.0	0.0	928.0	0.0	0.0	0.0	0.0	0.0	0.0	0.0	0.0
"Ruminococcus flavefaciens"	0.0	912.0	0.0	0.0	0.0	0.0	0.0	0.0	0.0	0.0	0.0	0.0
"Subdoligranulum sp. 4_3_54A2FAA"	0.0	14513.0	469.0	0.0	0.0	988.0	0.0	0.0	1551.0	0.0	0.0	0.0
"Peptococcus niger"	0.0	0.0	0.0	3450.0	0.0	975.0	0.0	0.0	560.0	0.0	0.0	0.0
"Clostridioides difficile"	0.0	0.0	0.0	856.0	0.0	780.0	0.0	0.0	524.0	0.0	0.0	0.0
"Filifactor alocis"	1716.0	7290.0	1189.0	29167.0	2636.0	37607.0	3494.0	2274.0	10359.0	2057.0	2171.0	6679.0
"[Eubacterium] yurii"	18413.0	10021.0	3231.0	4166.0	20688.0	13224.0	993.0	1647.0	24079.0	1534.0	0.0	2849.0
"Peptoanaerobacter stomatis"	1257.0	7318.0	1841.0	7004.0	2674.0	9270.0	1021.0	891.0	15010.0	0.0	1658.0	2009.0
"Peptostreptococcus anaerobius"	0.0	1312.0	536.0	2742.0	1213.0	2194.0	0.0	335.0	3597.0	0.0	336.0	0.0
"Peptostreptococcaceae bacterium oral taxon 113"	5769.0	66814.0	5672.0	119573.0	29896.0	137809.0	28015.0	39445.0	46809.0	3865.0	13053.0	12568.0
"Peptostreptococcaceae bacterium pGA-8"	0.0	7188.0	1187.0	6440.0	1200.0	6069.0	467.0	436.0	5326.0	0.0	2245.0	894.0
"Clostridiales bacterium"	0.0	1895.0	1262.0	0.0	0.0	0.0	0.0	0.0	697.0	0.0	0.0	0.0
"Clostridiales bacterium KA00274"	0.0	0.0	0.0	1389.0	0.0	0.0	0.0	0.0	450.0	0.0	0.0	0.0
"Clostridiales bacterium Marseille-P2846"	0.0	1646.0	1140.0	0.0	0.0	0.0	0.0	0.0	848.0	0.0	0.0	0.0
"Eggerthia catenaformis"	1434.0	16879.0	1920.0	7974.0	1586.0	8691.0	629.0	585.0	7451.0	0.0	5217.0	3339.0
"Solobacterium moorei"	0.0	9826.0	2551.0	3877.0	1206.0	3503.0	344.0	609.0	9521.0	0.0	430.0	0.0
"Ndongobacter massiliensis"	0.0	1857.0	0.0	2068.0	0.0	1888.0	0.0	0.0	678.0	0.0	560.0	0.0
"Centipeda periodontii"	1534.0	8584.0	7087.0	641.0	2362.0	528.0	757.0	1782.0	970.0	604.0	851.0	0.0
"Mitsuokella sp. oral taxon 131"	0.0	1447.0	457.0	0.0	0.0	0.0	0.0	0.0	0.0	0.0	447.0	0.0
"Selenomonas artemidis"	0.0	1226.0	610.0	622.0	6141.0	0.0	353.0	500.0	730.0	0.0	394.0	0.0
"Selenomonas bovis"	0.0	1409.0	451.0	0.0	0.0	0.0	0.0	0.0	0.0	0.0	524.0	0.0
"Selenomonas infelix"	3691.0	2396.0	1709.0	805.0	2984.0	654.0	1270.0	1686.0	1228.0	1334.0	719.0	1167.0
"Selenomonas massiliensis"	1883.0	2714.0	2557.0	654.0	2766.0	633.0	527.0	1575.0	1125.0	715.0	774.0	0.0
"Selenomonas noxia"	6965.0	1866.0	2089.0	762.0	24620.0	4992.0	1083.0	2256.0	6077.0	8631.0	904.0	1863.0
"Selenomonas ruminantium"	0.0	1312.0	471.0	593.0	0.0	0.0	0.0	0.0	0.0	0.0	647.0	0.0
"Selenomonas sputigena"	7981.0	71576.0	27533.0	6868.0	2574.0	7376.0	1424.0	7814.0	11612.0	591.0	22654.0	950.0
"Selenomonas sp. F0473"	0.0	0.0	0.0	0.0	4213.0	0.0	0.0	0.0	0.0	0.0	0.0	0.0
"Selenomonas sp. oral taxon 126"	1920.0	4078.0	2415.0	1147.0	2335.0	917.0	739.0	1609.0	1219.0	1211.0	1058.0	576.0
"Selenomonas sp. oral taxon 138"	1819.0	2697.0	1581.0	523.0	2071.0	589.0	375.0	989.0	1057.0	624.0	748.0	559.0
"Selenomonas sp. oral taxon 892"	11848.0	4953.0	9615.0	1652.0	21966.0	1963.0	0.0	4767.0	8150.0	1949.0	725.0	4069.0
"Selenomonas sp. oral taxon 920"	2661.0	3337.0	4673.0	664.0	2901.0	811.0	617.0	1607.0	1286.0	1266.0	684.0	0.0
"Anaeroglobus geminatus"	0.0	8403.0	0.0	0.0	0.0	0.0	0.0	0.0	0.0	0.0	0.0	705.0
"Dialister invisus"	0.0	11292.0	2094.0	7084.0	788.0	4880.0	0.0	0.0	885.0	0.0	2119.0	2299.0
"Dialister pneumosintes"	0.0	0.0	0.0	657.0	0.0	0.0	0.0	0.0	0.0	0.0	0.0	0.0
"Veillonellaceae bacterium DNF00751"	0.0	0.0	0.0	2051.0	0.0	0.0	0.0	0.0	0.0	0.0	0.0	0.0
"Veillonella sp. 6_1_27"	0.0	0.0	0.0	0.0	0.0	0.0	0.0	0.0	591.0	0.0	0.0	0.0
"Veillonella parvula"	1461.0	0.0	0.0	647.0	844.0	766.0	0.0	0.0	3850.0	4467.0	0.0	0.0
"Veillonella rodentium"	0.0	0.0	0.0	0.0	0.0	1320.0	0.0	0.0	0.0	0.0	0.0	0.0
"Murdochiella vaginalis"	0.0	1988.0	497.0	673.0	0.0	645.0	0.0	0.0	0.0	0.0	627.0	0.0
"Parvimonas micra"	1989.0	8098.0	15159.0	16589.0	65779.0	40776.0	4573.0	2541.0	114588.0	2557.0	2007.0	1996.0
"Parvimonas sp. KA00067"	0.0	0.0	1683.0	1116.0	7970.0	4071.0	0.0	0.0	14295.0	0.0	0.0	0.0
"Peptoniphilus indolicus"	0.0	0.0	0.0	598.0	0.0	767.0	0.0	0.0	654.0	0.0	0.0	0.0
"Peptoniphilus urinimassiliensis"	0.0	0.0	0.0	0.0	0.0	566.0	0.0	0.0	0.0	0.0	0.0	0.0
"Peptoniphilus sp. HMSC075B08"	0.0	0.0	0.0	0.0	0.0	787.0	0.0	0.0	0.0	0.0	0.0	0.0
"Peptoniphilus sp. oral taxon 386"	0.0	6087.0	1241.0	5757.0	1265.0	10189.0	560.0	439.0	5293.0	0.0	1977.0	649.0
"Anaerosalibacter massiliensis"	0.0	0.0	7584.0	0.0	3183.0	0.0	0.0	1060.0	4964.0	24866.0	3156.0	0.0
"Tissierellia bacterium KA00581"	0.0	0.0	0.0	0.0	833.0	585.0	0.0	0.0	1754.0	0.0	0.0	0.0
"Firmicutes bacterium"	0.0	0.0	463.0	550.0	0.0	0.0	0.0	0.0	501.0	0.0	0.0	0.0
"Candidatus Methanomethylophilus alvus"	691.0	8361.0	552.0	660.0	0.0	0.0	0.0	1038.0	0.0	0.0	0.0	691.0
"Thermoplasmatales archaeon BRNA1"	752.0	8458.0	555.0	603.0	0.0	0.0	0.0	1019.0	0.0	0.0	0.0	708.0
"methanogenic archaeon ISO4-H5"	0.0	3336.0	0.0	0.0	0.0	0.0	0.0	368.0	0.0	0.0	0.0	0.0
"Methanobrevibacter arboriphilus"	0.0	0.0	0.0	0.0	0.0	9651.0	0.0	0.0	2927.0	0.0	0.0	0.0
"Methanobrevibacter millerae"	804.0	28830.0	1476.0	2809.0	0.0	22297.0	0.0	0.0	9517.0	0.0	3344.0	0.0
"Methanobrevibacter olleyae"	0.0	6681.0	0.0	794.0	0.0	12219.0	0.0	0.0	4245.0	0.0	824.0	0.0
"Methanobrevibacter oralis"	21599.0	88926.0	4119.0	1338239.0	108684.0	129832.0	24290.0	10817.0	50638.0	5208.0	159447.0	22110.0
"Methanobrevibacter ruminantium"	0.0	0.0	0.0	0.0	0.0	830.0	0.0	0.0	0.0	0.0	0.0	0.0
"Methanobrevibacter smithii"	1720.0	21377.0	1221.0	5760.0	0.0	49360.0	0.0	0.0	16861.0	0.0	2437.0	0.0
"Methanobrevibacter wolinii"	0.0	1357.0	0.0	0.0	0.0	9053.0	0.0	0.0	2705.0	0.0	0.0	0.0
"Methanobrevibacter sp. AbM4"	0.0	0.0	0.0	0.0	0.0	3204.0	0.0	0.0	1019.0	0.0	0.0	0.0
"Methanobrevibacter sp. YE315"	896.0	59392.0	2997.0	1628.0	0.0	17833.0	0.0	0.0	10434.0	0.0	7330.0	0.0
"Methanosphaera stadtmanae"	0.0	0.0	0.0	0.0	0.0	545.0	0.0	0.0	0.0	0.0	0.0	0.0
"Homo sapiens"	0.0	0.0	0.0	0.0	0.0	0.0	0.0	0.0	0.0	0.0	0.0	592.0
